<?xml version="1.0" encoding="UTF-8"?>
<project-private xmlns="http://www.netbeans.org/ns/project-private/1">
    <editor-bookmarks xmlns="http://www.netbeans.org/ns/editor-bookmarks/2" lastBookmarkId="0"/>
    <open-files xmlns="http://www.netbeans.org/ns/projectui-open-files/2">
        <group>
            <file>file:/C:/Users/adm/Documents/NetBeansProjects/AppProvaTest/test/test/Root.java</file>
            <file>file:/C:/Users/adm/Documents/NetBeansProjects/AppProvaTest/src/classes/Objetos.java</file>
            <file>file:/C:/Users/adm/Documents/NetBeansProjects/AppProvaTest/src/componentes/Logout.java</file>
            <file>file:/C:/Users/adm/Documents/NetBeansProjects/AppProvaTest/src/componentesprofessor/Atividade.java</file>
            <file>file:/C:/Users/adm/Documents/NetBeansProjects/AppProvaTest/src/componentesprofessor/Logout.java</file>
        </group>
    </open-files>
</project-private>
